Hash_S3_AWS,Hash_Local_AWS,Hash_Bucket_GCF,Hash_Local_GCF
1110,1510,22188,21443
1278,499,26716,22561
1298,1287,25988,21926
1493,1181,23509,28995
1473,1459,22267,26617
940,2110,21037,33129
1420,1574,20920,28184
1165,747,25188,25456
1096,1697,22851,21349
1538,1726,23688,24476
947,1953,21809,22292
1403,1961,24685,22960
1343,1859,21052,29744
1295,1305,30891,23847
1220,1859,25242,22340
1171,1308,19281,24371
1416,1363,26889,25424
1382,1619,24098,28512
1074,1548,21476,25334
1707,1322,23742,25301
2035,1040,26691,23665
1133,671,27233,26151
1424,1409,25915,19382
758,1593,23859,28172
1086,1577,26315,23996
1286,1176,37250,26480
1016,1698,20119,24918
1053,1335,21458,25857
993,1508,24211,24677
1381,1115,21593,26056
1111,1250,27701,23344
998,1369,22240,26145
957,1673,27479,24819
1122,1531,24974,23786
1208,1826,24779,22750
1501,1506,20791,25650
1520,1493,27073,27207
235,1673,24057,23793
1152,1175,21882,24551
1339,1096,24783,29032
1286,951,24488,24480
1045,1004,21801,37532
1203,1096,22449,28104
2006,1523,22890,28468
1130,1592,26901,25364
1295,1571,27538,28133
1282,1675,20624,26378
2265,1933,25746,24408
1904,1185,20006,29157
1100,1173,22184,23029
1737,1308,21020,28975
1128,1062,19017,24566
1807,1595,21483,24661
923,932,23921,26662
798,1362,19573,34795
1346,2677,25940,33401
1187,1233,22066,34065
1836,1709,21401,26922
1354,975,22168,21549
1166,1633,23097,20132
1517,2299,26718,34655
1115,1723,25826,25737
1444,1330,38733,27164
1235,2158,23532,24434
1209,1839,26245,28862
1382,1131,20561,26461
1088,1300,24397,26256
1473,1279,19945,26960
1163,1057,26469,27549
1340,1666,27402,23848
772,1810,22373,21551
1504,1435,19593,30079
1082,2489,24697,24388
1116,1180,20466,23965
2765,2511,19626,25054
1228,1371,21809,25842
1529,1501,22601,25063
2315,2343,21872,24769
1680,1292,20893,25888
1968,992,31532,30740
1670,1783,35875,24773
1194,1286,26350,24231
1200,1826,24970,25531
940,981,26937,29492
1474,1384,22426,25603
1546,1259,21250,27846
1588,986,19675,25334
1482,2745,26226,29264
1126,1373,23136,25133
1320,1592,25398,23804
1367,1359,23247,24239
1131,978,23072,23311
1176,1656,19539,25184
1257,1183,23657,38715
754,1437,24229,24646
1111,1688,23679,26590
1143,546,19074,25504
943,1521,30488,26390
1502,1847,22957,26027
788,1696,23742,27806
1216,1641,28773,26502
1594,1067,27342,27249
837,1492,21871,27755
1115,2329,24663,30874
1024,1745,21044,27381
1409,1330,26253,21878
1047,979,22899,25566
858,1652,23499,25575
1268,1844,23648,23444
1160,1171,19220,26775
1029,1459,23877,33218
1225,1224,22647,22094
710,1397,26803,28765
1932,1734,25648,25297
1334,1570,28310,24526
2131,1133,24815,25344
1381,1220,22321,26005
1426,1295,25949,22061
1128,1385,23967,28016
1794,1256,24358,26743
1129,1064,20685,36582
1229,1104,24359,22061
1132,1514,27774,27512
2003,1588,50810,23467
1361,1348,24108,26338
1033,1813,24233,24937
936,1344,22682,23165
1445,934,25547,23404
1026,1418,20481,23972
1258,1021,19980,27779
1473,1651,27459,25555
1324,1543,29386,23980
2183,950,22994,23014
1343,1704,30224,27503
1675,1315,20699,22887
1420,1108,26634,29171
1389,1238,24561,22905
1373,1404,21251,27171
1483,1388,26239,27784
1366,1735,26679,25754
1356,1219,19052,24296
1161,1989,20279,22179
1010,1709,20658,23860
1479,993,27443,26121
1267,1676,29557,28102
1191,2575,22899,24312
847,2004,26403,31039
1388,1112,19350,21607
1429,1210,25720,24125
1580,1576,17273,26926
508,1256,27897,22433
1828,1255,22828,25032
1121,1296,26553,27367
1687,1294,20897,24309
1251,1624,21080,20658
1333,1628,24896,24690
1183,1017,25564,23398
1474,1855,25956,21360
1319,1387,24091,47894
1263,1759,21756,22987
1200,1481,22227,24126
910,1539,26395,24780
1450,1669,20771,26777
1358,1803,22737,25116
1229,1404,36869,38013
1956,1426,21175,20737
1745,1097,24396,24855
876,999,22455,23390
1634,1549,21352,22864
1555,1623,24215,23604
1625,1177,25978,24835
1628,1613,24749,28277
1290,998,28469,25561
622,1214,27279,23553
885,1408,24380,28089
1635,1179,24341,26492
1028,1233,22415,35450
1867,983,53556,25853
1196,1477,24023,23820
1088,993,23217,25913
1655,1060,23575,25999
1247,917,25187,35321
895,1201,29894,26399
1203,1457,24997,26756
1287,1072,19680,26426
1171,1336,21552,26017
1477,1607,26266,23691
1391,2442,22118,27139
1597,957,22875,23703
1285,1231,21525,25167
1473,1173,24684,26809
1009,1181,24750,24440
1164,1611,21604,19407
1547,1601,25218,23982
925,1458,23054,20192
1303,1565,25137,21330
1717,1365,23982,25400
926,1830,24742,23016
1243,1545,26651,27019
1033,1206,24780,23521
1454,1745,24943,23043
1331,2112,25425,27152
947,1390,19453,27012
1270,1217,24755,31060
1066,1277,26662,23851
1176,1393,21837,34983
1342,1792,23557,22751
947,1789,25861,25204
1465,1663,22537,23710
938,1127,20533,28563
1419,1339,23800,27635
909,1480,20826,23954
3966,1950,24716,24681
1105,1493,23188,24737
1257,1740,23206,29124
1276,2760,23506,24685
1268,1298,24470,26274
1521,1402,31593,29097
1673,1138,22145,23982
990,1574,28347,27659
1736,1522,26314,24532
1331,1147,25919,30038
1253,1203,20942,22008
1288,1506,26957,24581
958,1718,23629,23501
1407,2025,25744,27098
1168,1411,19978,26985
1055,1417,21166,20771
1351,1023,25135,26208
976,1487,26517,22093
889,1408,25104,23428
1488,1479,25530,27243
1038,1192,27411,22955
1366,1249,25916,23935
1718,2209,23903,25956
759,1304,42855,27721
1161,1539,37667,28485
1571,1180,23667,24609
1283,1214,22047,27164
1245,1597,25513,27860
1221,1341,21942,25051
1203,1903,24347,25944
1130,1631,23649,26153
1466,1739,20640,27068
1047,1304,24172,23750
744,1567,22514,24616
1012,1667,22721,23763
784,1554,25862,34067
1227,1629,20769,25233
1186,1549,26116,26645
1339,1810,21085,24655
1805,1047,23908,28635
1301,1073,19239,24146
862,1654,26420,21604
2067,1522,23676,26097
927,1591,24737,26425
903,1141,24246,25527
1126,944,22577,22958
1478,1483,21466,34074
1474,999,23586,21892
1051,1603,23696,38102
1633,578,25482,52372
1484,1636,20972,22816
1561,1359,23929,33852
1039,2136,20156,23621
1086,1481,21598,26337
1472,1197,23045,24952
1534,1527,24493,22106
1045,1054,23947,24692
1572,1184,29194,25321
1417,1271,26176,19720
1032,1601,27818,25439
1663,2327,26125,35188
1221,776,25866,34956
821,1208,21237,22571
1164,1444,25823,30717
1334,1389,26427,26546
453,1698,23103,27342
1079,968,21655,24071
1298,1502,23978,27115
820,1617,23164,21898
1089,1756,23344,26079
1468,1736,22092,28808
983,1316,20994,24566
1276,1458,23415,23651
1366,1662,22294,21459
835,780,19727,22554
721,1721,26727,26790
1345,1074,19249,26749
1593,1617,26209,25326
1232,1242,22395,24684
527,1262,23235,21480
1006,1558,19028,27784
1136,1313,21660,25743
1033,1513,22017,21534
873,1333,24685,25032
1228,1192,25676,27771
1439,1543,22312,24669
1460,1405,21574,22631
686,1587,20031,27254
1149,1367,20521,27480
1114,1833,21882,25433
1374,1404,22273,22122
1878,1438,19736,25328
870,1089,20721,28284
1505,1247,23560,21875
1373,1332,24211,28453
780,1191,23351,25155
1116,2105,19190,21894
916,972,23624,24403
1191,1047,23185,24609
1564,1495,24803,31190
1261,1296,22895,23599
1386,1232,22788,24562
1733,1509,29023,39282
1683,1586,23428,25373
1248,1488,24833,23403
811,1911,25740,26288
1206,1717,26400,24998
1333,1763,25542,24067
2030,1624,24508,29046
1185,1272,25744,25703
1028,832,27002,27971
1212,1182,26057,22933
1049,1611,25784,22911
1283,1174,22782,28235
1308,1425,25331,26446
918,1498,28465,28035
1203,1292,24806,51826
1231,1146,23959,27591
1504,1428,23733,27421
1147,1784,21909,33451
1486,1393,26313,24411
1144,2449,24854,28784
888,942,34124,27228
2131,1176,23146,23708
828,1139,25887,26699
2669,1429,25560,38978
1415,1255,27395,22819
1062,1561,21655,27116
1444,1267,34229,30960
1311,1451,26444,27516
1300,1321,24128,20689
1464,1545,20827,25132
1212,2202,22799,26102
1447,1668,21293,23696
1291,2179,20054,29957
736,1282,22260,26703
1297,1333,29394,26369
1148,1149,23003,24582
1108,1721,23578,26288
1120,1264,23912,21093
1395,1849,20919,22038
646,1522,23946,63624
1245,1139,23152,25393
1365,1366,18966,26564
2059,1897,19291,27419
1359,1714,22239,26778
1617,1324,23920,23986
1647,1275,35878,26175
1202,1366,21237,28506
1053,1238,22540,28312
1638,1081,19643,23801
1130,1300,38000,25949
1157,1660,25378,27652
1129,1161,23850,27071
1440,1433,17927,36734
1280,2192,26483,21008
1835,2438,23350,22480
1104,1472,19222,23506
1190,971,21873,25412
1408,727,35606,28683
1662,835,20444,24854
1200,1271,23547,26860
1058,942,21224,29082
1181,1362,23204,25730
1107,2762,20324,33720
1065,1463,25348,23671
1229,1922,21043,24888
1646,1530,29107,22293
1743,1079,18018,24784
1083,987,22674,28065
1044,1551,19212,25950
952,910,25488,23496
1747,1633,22884,22602
1465,1262,18790,28438
1180,2161,27010,20943
1106,1387,18724,39911
1535,1213,34225,24076
1612,1317,25527,26126
861,1601,25615,25647
508,1755,20082,20767
1437,1747,22249,23793
1153,755,24356,26246
1168,1886,22399,29246
1616,575,25027,28496
1178,1384,17147,24952
1152,1652,31929,24945
941,2524,23880,22924
1081,962,24235,32293
1347,1394,23492,25403
1030,1324,22694,27802
1120,1361,24421,29118
1168,1576,25630,28098
1468,1363,24454,25182
1139,962,23518,37049
971,1319,25343,24247
1326,1389,21029,20418
1017,2202,20092,27641
1095,1578,23593,23153
1094,1393,19433,23996
1281,1674,25033,27725
1584,1365,24383,54272
1412,1348,23586,23740
972,1736,19547,33823
698,1638,35167,26730
1236,1508,22953,25258
1772,1643,20438,26399
1029,1539,24142,25238
773,2901,21168,23528
628,1106,24798,16651
1344,1540,23125,25215
991,1147,21638,28168
1044,1236,25202,29777
1273,1425,20967,23866
899,2605,24086,25553
1451,1329,28415,20788
1233,1775,25413,24914
1441,1104,24482,21896
953,2043,24034,30027
1417,2547,26231,25344
985,1631,21882,29419
1579,1590,26732,33802
1355,1440,37267,27832
1026,1445,25661,29880
1302,2284,28522,26873
1373,1622,22627,25682
919,1301,25086,25700
1271,1648,22777,30502
1781,1247,37150,23175
1340,2334,22833,21293
927,1198,27663,27644
1209,1405,23879,26457
1357,1409,20633,32596
1171,1801,21007,22439
1366,1235,27558,24191
1068,1398,20335,29540
1148,1579,25667,23216
1674,1249,24902,25205
1364,1740,24077,25795
1122,1891,24208,23512
1265,1176,23258,31787
1277,2173,21665,22310
1532,2043,19826,21542
1204,1901,21926,24774
1332,1646,25415,23568
707,1508,30502,34256
1511,1414,23882,24920
759,672,20474,20949
1532,1202,28110,28000
923,1424,25996,25030
1156,1334,19879,22740
1360,1953,24017,25859
642,1577,24775,27791
1164,1528,25814,24250
1577,967,21606,25169
896,1100,26391,22328
1066,1598,22864,21349
1251,1795,27162,25332
1284,1341,24862,27209
659,1357,24244,26416
866,1336,21122,22355
1063,995,23710,22286
1448,1471,25041,30200
1140,1061,25978,23437
1215,1403,23276,27162
819,1822,22478,24534
936,1848,20969,27860
1458,1780,24196,22321
767,2433,23763,30689
1229,1844,24400,28079
1247,1545,22492,27267
1223,1352,23797,23386
1550,1306,23403,25266
1331,876,25198,26581
1017,2242,23430,26228
1686,1586,19666,28440
1139,1590,21064,25378
756,1758,23456,28189
2215,1356,26006,22179
1317,1590,21537,25911
678,1578,22512,27898
1271,1412,22478,47081
682,1553,21673,18705
1431,2486,23334,22019
1630,1156,20283,24903
1870,1285,23383,26641
848,1468,24583,26415
882,1335,25031,25711
1140,1612,24637,24659
1011,1499,26266,25973
1235,1327,25953,25685
1421,1525,21130,23731
763,1037,22602,26604
1115,2019,22605,24682
809,1511,24511,21434
1538,1784,22243,29367
3133,1062,28391,22105
1413,1659,24426,26335
1529,1113,21161,28528
1742,1806,27652,23189
993,1290,23408,27356
1129,1589,18964,22794
1573,1411,23820,23719
1174,1716,20717,26365
1301,1664,23417,36173
1264,1375,22490,24550
1719,1313,21654,24892
1457,1707,19864,21546
1567,1838,22403,24683
1461,1424,26149,23087
1212,709,30659,27672
1368,1150,21944,25545
1377,1071,20919,21717
1190,2235,23371,25448
1290,1428,20239,24308
1684,2020,22806,26470
1267,1579,25592,25451
1509,1723,20593,25669
1112,1330,25211,35191
676,1417,26136,21471
1166,1280,25587,27593
1261,1018,23437,26572
1373,1826,27947,19850
1180,902,24611,29207
1036,2540,20998,30259
1994,1466,25588,25892
1458,1126,20349,22836
1344,1574,21788,35227
1168,1517,19855,24452
1401,1484,19238,27234
821,1212,22996,24295
1572,1083,23076,25973
908,2063,22870,26957
1439,1219,20377,24893
935,2216,36955,34410
818,1750,22864,28131
1250,1009,25972,26097
1133,1141,21336,26695
1378,1441,24568,22568
1436,1540,24261,28360
1145,1613,26646,26720
1387,1765,19443,28959
1091,1289,23005,27175
1535,1724,24846,23972
1459,1298,28873,28001
1436,1174,23201,31266
1022,1130,24462,23866
1331,1450,21550,30238
1244,2560,25927,22758
1570,1364,20829,27947
2112,1948,28201,23903
1451,1689,25972,27693
937,987,23157,58720
1562,1532,26081,27075
1813,1491,24296,22238
1484,1149,23726,25954
2608,1513,23783,27709
1380,1441,23345,30240
1253,806,23079,24490
1523,956,29196,20328
1048,976,21425,35362
882,1665,20071,32294
1199,1612,25140,25254
1751,1473,25599,26241
1081,1955,17625,25433
663,1685,22586,42378
1483,1364,20883,24854
1078,1583,24161,24710
938,1509,20835,24533
1119,2269,26879,22471
1753,1302,20024,22667
1316,1575,22628,37732
1514,997,21819,28543
1269,1823,22426,31667
1675,1395,28178,22696
1457,1267,28800,35314
756,1580,23164,22271
1140,1397,23994,27506
1150,1640,21231,26103
1251,2343,36680,22485
1264,1527,22798,28233
1162,684,22843,26724
879,1233,24657,33000
1410,1477,20173,23628
994,1487,22396,29968
1435,1587,22010,22210
1427,1382,24100,25839
1685,1626,23748,24404
1779,1168,21512,24934
1075,1612,23807,26607
1344,1444,22936,23120
1246,1213,22377,24152
1638,1459,25869,20485
1398,1758,24628,25862
1704,1920,23159,21558
2379,1459,21125,27614
1212,1094,23445,24215
1376,1547,23021,24557
1022,1481,24746,25693
1177,955,25792,24666
1363,1197,25400,23841
1542,1482,22563,23572
884,1928,24526,27084
1523,1472,22859,25630
1149,1120,23323,26485
1100,1184,29642,21699
873,1470,24646,25779
1207,1194,27048,56915
1249,1840,25307,25698
1121,1062,26835,24164
1186,1964,28053,23578
935,1328,21688,27821
1716,1582,21075,24541
1324,1660,26521,23481
1810,1139,24080,24509
1547,1378,27885,33606
1558,1342,19937,24608
1280,1111,22830,26763
1559,1631,23110,25953
1717,1244,27868,25559
1358,1496,19464,35889
1501,1384,22613,28635
1354,1614,22275,26980
977,1526,23135,26255
1227,1790,24237,27993
983,1640,24794,30831
1232,1152,21014,25972
1270,1310,24141,23944
1470,1025,22113,26096
674,1485,23203,26363
1517,1797,25788,25107
919,1247,22233,26082
964,2883,20866,21172
926,1235,22207,24155
1060,1273,23481,34538
1258,1364,25980,29967
1293,1859,28526,25203
1505,1296,24792,23651
1858,1365,26480,23832
569,1673,24064,24609
1369,1459,25779,26831
1214,1372,23686,22050
1320,1496,27271,26970
1123,1451,26822,24185
1064,1231,23749,25049
1090,1754,35973,26415
1843,1403,26224,24424
1554,1524,27358,25857
1374,1528,22211,22833
1235,1990,25043,29056
950,1461,30451,22371
1419,1321,23722,26547
1000,1122,24082,22260
471,1323,24999,26415
713,1141,28890,25509
730,1442,21524,25092
1318,1459,33358,28786
695,1198,18755,24354
1115,1299,22763,26488
1054,2644,20622,24789
1147,1549,20038,28135
1324,1075,26312,26043
1419,1331,23221,21906
1017,1431,20533,22907
1415,1525,18874,26390
1496,1442,26843,28106
1049,1596,24829,23412
1331,1473,24769,25516
980,1543,23050,23150
1446,1557,21066,29721
898,1123,20042,30206
1008,1225,20087,24861
1423,1992,21277,24188
1379,1432,22066,22778
1358,1577,26752,25852
907,1167,20334,26036
1275,1064,27847,27176
1985,1335,42178,39288
940,1243,26481,25127
1146,1213,25249,24814
1746,1081,27238,31742
1385,1529,23244,27228
958,1441,25011,25623
1630,1452,25959,26753
1279,1363,25875,26777
1224,1331,22894,23404
1063,1062,24354,23513
1237,1173,23069,25568
949,1475,23677,27266
